imagesdis\image-0.jpg,5,YOUNG
imagesdis\image-1.jpg,10,YOUNG
imagesdis\image-2.jpg,17,ADOLESCENT
imagesdis\image-3.jpg,27,ADOLESCENT
imagesdis\image-4.jpg,6,YOUNG
imagesdis\image-5.jpg,15,ADOLESCENT
imagesdis\image-6.jpg,26,ADOLESCENT
imagesdis\image-7.jpg,22,ADOLESCENT
imagesdis\image-8.jpg,11,ADOLESCENT
imagesdis\image-9.jpg,9,YOUNG
imagesdis\image-10.jpg,9,YOUNG
imagesdis\image-11.jpg,16,ADOLESCENT
imagesdis\image-12.jpg,10,YOUNG
imagesdis\image-13.jpg,5,YOUNG
imagesdis\image-14.jpg,24,ADOLESCENT
imagesdis\image-15.jpg,16,ADOLESCENT
imagesdis\image-16.jpg,26,ADOLESCENT
imagesdis\image-17.jpg,26,ADOLESCENT
imagesdis\image-18.jpg,17,ADOLESCENT
imagesdis\image-19.jpg,17,ADOLESCENT
imagesdis\image-20.jpg,12,ADOLESCENT
imagesdis\image-21.jpg,15,ADOLESCENT
imagesdis\image-22.jpg,14,ADOLESCENT
imagesdis\image-23.jpg,16,ADOLESCENT
imagesdis\image-24.jpg,8,YOUNG
imagesdis\image-25.jpg,8,YOUNG
imagesdis\image-26.jpg,12,ADOLESCENT
imagesdis\image-27.jpg,18,ADOLESCENT
imagesdis\image-28.jpg,19,ADOLESCENT
imagesdis\image-29.jpg,6,YOUNG
imagesdis\image-30.jpg,16,ADOLESCENT
imagesdis\image-31.jpg,5,YOUNG
imagesdis\image-32.jpg,14,ADOLESCENT
imagesdis\image-33.jpg,10,YOUNG
imagesdis\image-34.jpg,23,ADOLESCENT
imagesdis\image-35.jpg,15,ADOLESCENT
imagesdis\image-36.jpg,26,ADOLESCENT
imagesdis\image-37.jpg,20,ADOLESCENT
imagesdis\image-38.jpg,21,ADOLESCENT
imagesdis\image-39.jpg,14,ADOLESCENT
imagesdis\image-40.jpg,19,ADOLESCENT
imagesdis\image-41.jpg,5,YOUNG
imagesdis\image-42.jpg,26,ADOLESCENT
imagesdis\image-43.jpg,13,ADOLESCENT
imagesdis\image-44.jpg,18,ADOLESCENT
imagesdis\image-45.jpg,9,YOUNG
imagesdis\image-46.jpg,13,ADOLESCENT
imagesdis\image-47.jpg,20,ADOLESCENT
imagesdis\image-48.jpg,23,ADOLESCENT
imagesdis\image-49.jpg,21,ADOLESCENT
imagesdis\image-50.jpg,17,ADOLESCENT
imagesdis\image-51.jpg,8,YOUNG
imagesdis\image-52.jpg,18,ADOLESCENT
imagesdis\image-53.jpg,15,ADOLESCENT
imagesdis\image-54.jpg,10,YOUNG
imagesdis\image-55.jpg,23,ADOLESCENT
imagesdis\image-56.jpg,19,ADOLESCENT
imagesdis\image-57.jpg,27,ADOLESCENT
imagesdis\image-58.jpg,11,ADOLESCENT
imagesdis\image-59.jpg,13,ADOLESCENT
imagesdis\image-60.jpg,23,ADOLESCENT
imagesdis\image-61.jpg,9,YOUNG
imagesdis\image-62.jpg,13,ADOLESCENT
imagesdis\image-63.jpg,12,ADOLESCENT
imagesdis\image-64.jpg,12,ADOLESCENT
imagesdis\image-65.jpg,19,ADOLESCENT
imagesdis\image-66.jpg,5,YOUNG
imagesdis\image-67.jpg,11,ADOLESCENT
imagesdis\image-68.jpg,17,ADOLESCENT
imagesdis\image-69.jpg,25,ADOLESCENT
imagesdis\image-70.jpg,16,ADOLESCENT
imagesdis\image-71.jpg,17,ADOLESCENT
imagesdis\image-72.jpg,24,ADOLESCENT
imagesdis\image-73.jpg,25,ADOLESCENT
imagesdis\image-74.jpg,12,ADOLESCENT
imagesdis\image-75.jpg,11,ADOLESCENT
imagesdis\image-76.jpg,8,YOUNG
imagesdis\image-77.jpg,6,YOUNG
imagesdis\image-78.jpg,22,ADOLESCENT
imagesdis\image-79.jpg,5,YOUNG
imagesdis\image-80.jpg,19,ADOLESCENT
imagesdis\image-81.jpg,23,ADOLESCENT
imagesdis\image-82.jpg,18,ADOLESCENT
imagesdis\image-83.jpg,8,YOUNG
imagesdis\image-84.jpg,22,ADOLESCENT
imagesdis\image-85.jpg,25,ADOLESCENT
imagesdis\image-86.jpg,25,ADOLESCENT
imagesdis\image-87.jpg,13,ADOLESCENT
imagesdis\image-88.jpg,20,ADOLESCENT
imagesdis\image-89.jpg,6,YOUNG
imagesdis\image-90.jpg,27,ADOLESCENT
imagesdis\image-91.jpg,10,YOUNG
imagesdis\image-92.jpg,21,ADOLESCENT
imagesdis\image-93.jpg,25,ADOLESCENT
imagesdis\image-94.jpg,25,ADOLESCENT
imagesdis\image-95.jpg,11,ADOLESCENT
imagesdis\image-96.jpg,18,ADOLESCENT
imagesdis\image-97.jpg,13,ADOLESCENT
imagesdis\image-98.jpg,7,YOUNG
imagesdis\image-99.jpg,20,ADOLESCENT
imagesdis\image-100.jpg,18,ADOLESCENT
imagesdis\image-101.jpg,27,ADOLESCENT
imagesdis\image-102.jpg,13,ADOLESCENT
imagesdis\image-103.jpg,6,YOUNG
imagesdis\image-104.jpg,13,ADOLESCENT
imagesdis\image-105.jpg,14,ADOLESCENT
imagesdis\image-106.jpg,9,YOUNG
imagesdis\image-107.jpg,21,ADOLESCENT
imagesdis\image-108.jpg,20,ADOLESCENT
imagesdis\image-109.jpg,8,YOUNG
imagesdis\image-110.jpg,22,ADOLESCENT
imagesdis\image-111.jpg,24,ADOLESCENT
imagesdis\image-112.jpg,9,YOUNG
imagesdis\image-113.jpg,24,ADOLESCENT
imagesdis\image-114.jpg,16,ADOLESCENT
imagesdis\image-115.jpg,10,YOUNG
imagesdis\image-116.jpg,16,ADOLESCENT
imagesdis\image-117.jpg,15,ADOLESCENT
imagesdis\image-118.jpg,5,YOUNG
imagesdis\image-119.jpg,11,ADOLESCENT
imagesdis\image-120.jpg,20,ADOLESCENT
imagesdis\image-121.jpg,7,YOUNG
imagesdis\image-122.jpg,14,ADOLESCENT
imagesdis\image-123.jpg,26,ADOLESCENT
imagesdis\image-124.jpg,7,YOUNG
imagesdis\image-125.jpg,27,ADOLESCENT
imagesdis\image-126.jpg,10,YOUNG
imagesdis\image-127.jpg,15,ADOLESCENT
imagesdis\image-128.jpg,45,READY
imagesdis\image-129.jpg,4,YOUNG
imagesdis\image-130.jpg,23,ADOLESCENT
imagesdis\image-131.jpg,34,READY
imagesdis\image-132.jpg,41,READY
imagesdis\image-133.jpg,46,READY
imagesdis\image-134.jpg,1,YOUNG
imagesdis\image-135.jpg,34,READY
imagesdis\image-136.jpg,2,YOUNG
imagesdis\image-137.jpg,42,READY
imagesdis\image-138.jpg,11,ADOLESCENT
imagesdis\image-139.jpg,34,READY
imagesdis\image-140.jpg,34,READY
imagesdis\image-141.jpg,43,READY
imagesdis\image-142.jpg,25,ADOLESCENT
imagesdis\image-143.jpg,2,YOUNG
imagesdis\image-144.jpg,38,READY
imagesdis\image-145.jpg,1,YOUNG
imagesdis\image-146.jpg,4,YOUNG
imagesdis\image-147.jpg,14,ADOLESCENT
imagesdis\image-148.jpg,22,ADOLESCENT
imagesdis\image-149.jpg,36,READY
imagesdis\image-150.jpg,36,READY
imagesdis\image-151.jpg,19,ADOLESCENT
imagesdis\image-152.jpg,45,READY
imagesdis\image-153.jpg,39,READY
imagesdis\image-154.jpg,17,ADOLESCENT
imagesdis\image-155.jpg,48,READY
imagesdis\image-156.jpg,9,YOUNG
imagesdis\image-157.jpg,19,ADOLESCENT
imagesdis\image-158.jpg,43,READY
imagesdis\image-159.jpg,10,YOUNG
imagesdis\image-160.jpg,32,READY
imagesdis\image-161.jpg,25,ADOLESCENT
imagesdis\image-162.jpg,10,YOUNG
imagesdis\image-163.jpg,38,READY
imagesdis\image-164.jpg,9,YOUNG
imagesdis\image-165.jpg,31,READY
imagesdis\image-166.jpg,0,YOUNG
imagesdis\image-167.jpg,40,READY
imagesdis\image-168.jpg,41,READY
imagesdis\image-169.jpg,30,READY
imagesdis\image-170.jpg,23,ADOLESCENT
imagesdis\image-171.jpg,14,ADOLESCENT
imagesdis\image-172.jpg,35,READY
imagesdis\image-173.jpg,43,READY
imagesdis\image-174.jpg,20,ADOLESCENT
imagesdis\image-175.jpg,26,ADOLESCENT
imagesdis\image-176.jpg,14,ADOLESCENT
imagesdis\image-177.jpg,15,ADOLESCENT
imagesdis\image-178.jpg,30,READY
imagesdis\image-179.jpg,17,ADOLESCENT
imagesdis\image-180.jpg,42,READY
imagesdis\image-181.jpg,35,READY
imagesdis\image-182.jpg,39,READY
imagesdis\image-183.jpg,28,READY
imagesdis\image-184.jpg,12,ADOLESCENT
imagesdis\image-185.jpg,11,ADOLESCENT
imagesdis\image-186.jpg,11,ADOLESCENT
imagesdis\image-187.jpg,16,ADOLESCENT
imagesdis\image-188.jpg,44,READY
imagesdis\image-189.jpg,33,READY
imagesdis\image-190.jpg,33,READY
imagesdis\image-191.jpg,3,YOUNG
imagesdis\image-192.jpg,38,READY
imagesdis\image-193.jpg,46,READY
imagesdis\image-194.jpg,47,READY
imagesdis\image-195.jpg,13,ADOLESCENT
imagesdis\image-196.jpg,43,READY
imagesdis\image-197.jpg,33,READY
imagesdis\image-198.jpg,33,READY
imagesdis\image-199.jpg,39,READY
imagesdis\image-200.jpg,36,READY
imagesdis\image-201.jpg,29,READY
imagesdis\image-202.jpg,30,READY
imagesdis\image-203.jpg,43,READY
imagesdis\image-204.jpg,25,ADOLESCENT
imagesdis\image-205.jpg,44,READY
imagesdis\image-206.jpg,16,ADOLESCENT
imagesdis\image-207.jpg,37,READY
imagesdis\image-208.jpg,13,ADOLESCENT
imagesdis\image-209.jpg,45,READY
imagesdis\image-210.jpg,20,ADOLESCENT
imagesdis\image-211.jpg,28,READY
imagesdis\image-212.jpg,18,ADOLESCENT
imagesdis\image-213.jpg,41,READY
imagesdis\image-214.jpg,37,READY
imagesdis\image-215.jpg,46,READY
imagesdis\image-216.jpg,47,READY
imagesdis\image-217.jpg,18,ADOLESCENT
imagesdis\image-218.jpg,38,READY
imagesdis\image-219.jpg,5,YOUNG
imagesdis\image-220.jpg,15,ADOLESCENT
imagesdis\image-221.jpg,12,ADOLESCENT
imagesdis\image-222.jpg,10,YOUNG
imagesdis\image-223.jpg,37,READY
imagesdis\image-224.jpg,14,ADOLESCENT
imagesdis\image-225.jpg,20,ADOLESCENT
imagesdis\image-226.jpg,2,YOUNG
imagesdis\image-227.jpg,22,ADOLESCENT
imagesdis\image-228.jpg,35,READY
imagesdis\image-229.jpg,27,ADOLESCENT
imagesdis\image-230.jpg,3,YOUNG
imagesdis\image-231.jpg,6,YOUNG
imagesdis\image-232.jpg,24,ADOLESCENT
imagesdis\image-233.jpg,6,YOUNG
imagesdis\image-234.jpg,24,ADOLESCENT
imagesdis\image-235.jpg,23,ADOLESCENT
imagesdis\image-236.jpg,16,ADOLESCENT
imagesdis\image-237.jpg,44,READY
imagesdis\image-238.jpg,27,ADOLESCENT
imagesdis\image-239.jpg,46,READY
imagesdis\image-240.jpg,8,YOUNG
imagesdis\image-241.jpg,1,YOUNG
imagesdis\image-242.jpg,37,READY
imagesdis\image-243.jpg,44,READY
imagesdis\image-244.jpg,9,YOUNG
imagesdis\image-245.jpg,19,ADOLESCENT
imagesdis\image-246.jpg,4,YOUNG
imagesdis\image-247.jpg,0,YOUNG
imagesdis\image-248.jpg,10,YOUNG
imagesdis\image-249.jpg,29,READY
imagesdis\image-250.jpg,35,READY
imagesdis\image-251.jpg,32,READY
imagesdis\image-252.jpg,21,ADOLESCENT
imagesdis\image-253.jpg,8,YOUNG
imagesdis\image-254.jpg,10,YOUNG
imagesdis\image-255.jpg,15,ADOLESCENT
imagesdis\image-256.jpg,28,READY
imagesdis\image-257.jpg,21,ADOLESCENT
imagesdis\image-258.jpg,45,READY
imagesdis\image-259.jpg,8,YOUNG
imagesdis\image-260.jpg,39,READY
imagesdis\image-261.jpg,25,ADOLESCENT
imagesdis\image-262.jpg,38,READY
imagesdis\image-263.jpg,13,ADOLESCENT
imagesdis\image-264.jpg,23,ADOLESCENT
imagesdis\image-265.jpg,29,READY
imagesdis\image-266.jpg,47,READY
imagesdis\image-267.jpg,7,YOUNG
imagesdis\image-268.jpg,37,READY
imagesdis\image-269.jpg,19,ADOLESCENT
imagesdis\image-270.jpg,3,YOUNG
imagesdis\image-271.jpg,45,READY
imagesdis\image-272.jpg,50,READY
imagesdis\image-273.jpg,8,YOUNG
imagesdis\image-274.jpg,42,READY
imagesdis\image-275.jpg,24,ADOLESCENT
imagesdis\image-276.jpg,24,ADOLESCENT
imagesdis\image-277.jpg,13,ADOLESCENT
imagesdis\image-278.jpg,23,ADOLESCENT
imagesdis\image-279.jpg,40,READY
imagesdis\image-280.jpg,42,READY
imagesdis\image-281.jpg,25,ADOLESCENT
imagesdis\image-282.jpg,29,READY
imagesdis\image-283.jpg,5,YOUNG
imagesdis\image-284.jpg,30,READY
imagesdis\image-285.jpg,19,ADOLESCENT
imagesdis\image-286.jpg,17,ADOLESCENT
imagesdis\image-287.jpg,2,YOUNG
imagesdis\image-288.jpg,20,ADOLESCENT
imagesdis\image-289.jpg,28,READY
imagesdis\image-290.jpg,34,READY
imagesdis\image-291.jpg,9,YOUNG
imagesdis\image-292.jpg,26,ADOLESCENT
imagesdis\image-293.jpg,12,ADOLESCENT
imagesdis\image-294.jpg,18,ADOLESCENT
imagesdis\image-295.jpg,35,READY
imagesdis\image-296.jpg,6,YOUNG
imagesdis\image-297.jpg,22,ADOLESCENT
imagesdis\image-298.jpg,32,READY
imagesdis\image-299.jpg,15,ADOLESCENT
imagesdis\image-300.jpg,11,ADOLESCENT
imagesdis\image-301.jpg,44,READY
imagesdis\image-302.jpg,2,YOUNG
imagesdis\image-303.jpg,15,ADOLESCENT
imagesdis\image-304.jpg,22,ADOLESCENT
imagesdis\image-305.jpg,30,READY
imagesdis\image-306.jpg,32,READY
imagesdis\image-307.jpg,21,ADOLESCENT
imagesdis\image-308.jpg,18,ADOLESCENT
imagesdis\image-309.jpg,24,ADOLESCENT
imagesdis\image-310.jpg,34,READY
imagesdis\image-311.jpg,39,READY
imagesdis\image-312.jpg,13,ADOLESCENT
imagesdis\image-313.jpg,41,READY
imagesdis\image-314.jpg,46,READY
imagesdis\image-315.jpg,20,ADOLESCENT
imagesdis\image-316.jpg,41,READY
imagesdis\image-317.jpg,42,READY
imagesdis\image-318.jpg,26,ADOLESCENT
imagesdis\image-319.jpg,43,READY
imagesdis\image-320.jpg,40,READY
imagesdis\image-321.jpg,38,READY
imagesdis\image-322.jpg,33,READY
imagesdis\image-323.jpg,10,YOUNG
imagesdis\image-324.jpg,26,ADOLESCENT
imagesdis\image-325.jpg,29,READY
imagesdis\image-326.jpg,33,READY
imagesdis\image-327.jpg,40,READY
imagesdis\image-328.jpg,16,ADOLESCENT
imagesdis\image-329.jpg,7,YOUNG
imagesdis\image-330.jpg,29,READY
imagesdis\image-331.jpg,39,READY
imagesdis\image-332.jpg,44,READY
imagesdis\image-333.jpg,6,YOUNG
imagesdis\image-334.jpg,22,ADOLESCENT
imagesdis\image-335.jpg,31,READY
imagesdis\image-336.jpg,31,READY
imagesdis\image-337.jpg,1,YOUNG
imagesdis\image-338.jpg,45,READY
imagesdis\image-339.jpg,42,READY
imagesdis\image-340.jpg,3,YOUNG
imagesdis\image-341.jpg,7,YOUNG
imagesdis\image-342.jpg,3,YOUNG
imagesdis\image-343.jpg,16,ADOLESCENT
imagesdis\image-344.jpg,27,ADOLESCENT
imagesdis\image-345.jpg,17,ADOLESCENT
imagesdis\image-346.jpg,1,YOUNG
imagesdis\image-347.jpg,36,READY
imagesdis\image-348.jpg,9,YOUNG
imagesdis\image-349.jpg,23,ADOLESCENT
imagesdis\image-350.jpg,40,READY
imagesdis\image-351.jpg,20,ADOLESCENT
imagesdis\image-352.jpg,27,ADOLESCENT
imagesdis\image-353.jpg,41,READY
imagesdis\image-354.jpg,4,YOUNG
imagesdis\image-355.jpg,5,YOUNG
imagesdis\image-356.jpg,7,YOUNG
imagesdis\image-357.jpg,21,ADOLESCENT
imagesdis\image-358.jpg,8,YOUNG
imagesdis\image-359.jpg,19,ADOLESCENT
imagesdis\image-360.jpg,6,YOUNG
imagesdis\image-361.jpg,3,YOUNG
imagesdis\image-362.jpg,10,YOUNG
imagesdis\image-363.jpg,12,ADOLESCENT
imagesdis\image-364.jpg,6,YOUNG
imagesdis\image-365.jpg,8,YOUNG
imagesdis\image-366.jpg,8,YOUNG
imagesdis\image-367.jpg,4,YOUNG
imagesdis\image-368.jpg,1,YOUNG
imagesdis\image-369.jpg,11,ADOLESCENT
imagesdis\image-370.jpg,11,ADOLESCENT
imagesdis\image-371.jpg,3,YOUNG
imagesdis\image-372.jpg,9,YOUNG
imagesdis\image-373.jpg,7,YOUNG
imagesdis\image-374.jpg,10,YOUNG
imagesdis\image-375.jpg,13,ADOLESCENT
imagesdis\image-376.jpg,13,ADOLESCENT
imagesdis\image-377.jpg,9,YOUNG
imagesdis\image-378.jpg,0,YOUNG
imagesdis\image-379.jpg,7,YOUNG
imagesdis\image-380.jpg,24,ADOLESCENT
imagesdis\image-381.jpg,32,READY
imagesdis\image-382.jpg,20,ADOLESCENT
imagesdis\image-383.jpg,20,ADOLESCENT
imagesdis\image-384.jpg,37,READY
imagesdis\image-385.jpg,33,READY
imagesdis\image-386.jpg,1,YOUNG
imagesdis\image-387.jpg,3,YOUNG
imagesdis\image-388.jpg,17,ADOLESCENT
imagesdis\image-389.jpg,6,YOUNG
imagesdis\image-390.jpg,29,READY
imagesdis\image-391.jpg,21,ADOLESCENT
imagesdis\image-392.jpg,19,ADOLESCENT
imagesdis\image-393.jpg,4,YOUNG
imagesdis\image-394.jpg,28,READY
imagesdis\image-395.jpg,17,ADOLESCENT
imagesdis\image-396.jpg,18,ADOLESCENT
imagesdis\image-397.jpg,7,YOUNG
imagesdis\image-398.jpg,30,READY
imagesdis\image-399.jpg,28,READY
imagesdis\image-400.jpg,17,ADOLESCENT
imagesdis\image-401.jpg,18,ADOLESCENT
imagesdis\image-402.jpg,8,YOUNG
imagesdis\image-403.jpg,4,YOUNG
imagesdis\image-404.jpg,36,READY
imagesdis\image-405.jpg,15,ADOLESCENT
imagesdis\image-406.jpg,23,ADOLESCENT
imagesdis\image-407.jpg,29,READY
imagesdis\image-408.jpg,13,ADOLESCENT
imagesdis\image-409.jpg,19,ADOLESCENT
imagesdis\image-410.jpg,13,ADOLESCENT
imagesdis\image-411.jpg,21,ADOLESCENT
imagesdis\image-412.jpg,35,READY
imagesdis\image-413.jpg,27,ADOLESCENT
imagesdis\image-414.jpg,14,ADOLESCENT
imagesdis\image-415.jpg,27,ADOLESCENT
imagesdis\image-416.jpg,14,ADOLESCENT
imagesdis\image-417.jpg,34,READY
imagesdis\image-418.jpg,10,YOUNG
imagesdis\image-419.jpg,9,YOUNG
imagesdis\image-420.jpg,2,YOUNG
imagesdis\image-421.jpg,25,ADOLESCENT
imagesdis\image-422.jpg,32,READY
imagesdis\image-423.jpg,1,YOUNG
imagesdis\image-424.jpg,9,YOUNG
imagesdis\image-425.jpg,21,ADOLESCENT
imagesdis\image-426.jpg,24,ADOLESCENT
imagesdis\image-427.jpg,8,YOUNG
imagesdis\image-428.jpg,31,READY
imagesdis\image-429.jpg,37,READY
imagesdis\image-430.jpg,7,YOUNG
imagesdis\image-431.jpg,33,READY
imagesdis\image-432.jpg,15,ADOLESCENT
imagesdis\image-433.jpg,31,READY
imagesdis\image-434.jpg,17,ADOLESCENT
imagesdis\image-435.jpg,16,ADOLESCENT
imagesdis\image-436.jpg,3,YOUNG
imagesdis\image-437.jpg,16,ADOLESCENT
imagesdis\image-438.jpg,36,READY
imagesdis\image-439.jpg,26,ADOLESCENT
imagesdis\image-440.jpg,23,ADOLESCENT
imagesdis\image-441.jpg,2,YOUNG
imagesdis\image-442.jpg,11,ADOLESCENT
imagesdis\image-443.jpg,22,ADOLESCENT
imagesdis\image-444.jpg,12,ADOLESCENT
imagesdis\image-445.jpg,35,READY
imagesdis\image-446.jpg,12,ADOLESCENT
imagesdis\image-447.jpg,21,ADOLESCENT
imagesdis\image-448.jpg,34,READY
imagesdis\image-449.jpg,0,YOUNG
imagesdis\image-450.jpg,6,YOUNG
imagesdis\image-451.jpg,21,ADOLESCENT
imagesdis\image-452.jpg,24,ADOLESCENT
imagesdis\image-453.jpg,24,ADOLESCENT
imagesdis\image-454.jpg,13,ADOLESCENT
imagesdis\image-455.jpg,28,READY
imagesdis\image-456.jpg,33,READY
imagesdis\image-457.jpg,30,READY
imagesdis\image-458.jpg,19,ADOLESCENT
imagesdis\image-459.jpg,5,YOUNG
imagesdis\image-460.jpg,8,YOUNG
imagesdis\image-461.jpg,8,YOUNG
imagesdis\image-462.jpg,29,READY
imagesdis\image-463.jpg,29,READY
imagesdis\image-464.jpg,17,ADOLESCENT
imagesdis\image-465.jpg,27,ADOLESCENT
imagesdis\image-466.jpg,19,ADOLESCENT
imagesdis\image-467.jpg,12,ADOLESCENT
imagesdis\image-468.jpg,24,ADOLESCENT
imagesdis\image-469.jpg,21,ADOLESCENT
imagesdis\image-470.jpg,24,ADOLESCENT
imagesdis\image-471.jpg,25,ADOLESCENT
imagesdis\image-472.jpg,32,READY
imagesdis\image-473.jpg,25,ADOLESCENT
imagesdis\image-474.jpg,34,READY
imagesdis\image-475.jpg,17,ADOLESCENT
imagesdis\image-476.jpg,18,ADOLESCENT
imagesdis\image-477.jpg,14,ADOLESCENT
imagesdis\image-478.jpg,30,READY
imagesdis\image-479.jpg,21,ADOLESCENT
imagesdis\image-480.jpg,22,ADOLESCENT
imagesdis\image-481.jpg,3,YOUNG
imagesdis\image-482.jpg,13,ADOLESCENT
imagesdis\image-483.jpg,26,ADOLESCENT
imagesdis\image-484.jpg,6,YOUNG
imagesdis\image-485.jpg,9,YOUNG
imagesdis\image-486.jpg,32,READY
imagesdis\image-487.jpg,15,ADOLESCENT
imagesdis\image-488.jpg,6,YOUNG
imagesdis\image-489.jpg,22,ADOLESCENT
imagesdis\image-490.jpg,11,ADOLESCENT
imagesdis\image-491.jpg,16,ADOLESCENT
imagesdis\image-492.jpg,9,YOUNG
imagesdis\image-493.jpg,4,YOUNG
imagesdis\image-494.jpg,20,ADOLESCENT
imagesdis\image-495.jpg,23,ADOLESCENT
imagesdis\image-496.jpg,31,READY
imagesdis\image-497.jpg,5,YOUNG
imagesdis\image-498.jpg,10,YOUNG
imagesdis\image-499.jpg,14,ADOLESCENT
imagesdis\image-500.jpg,7,YOUNG
imagesdis\image-501.jpg,20,ADOLESCENT
imagesdis\image-502.jpg,28,READY
imagesdis\image-503.jpg,3,YOUNG
imagesdis\image-504.jpg,16,ADOLESCENT
imagesdis\image-505.jpg,4,YOUNG
imagesdis\image-506.jpg,2,YOUNG
imagesdis\image-507.jpg,18,ADOLESCENT
imagesdis\image-508.jpg,33,READY
imagesdis\image-509.jpg,7,YOUNG
imagesdis\image-510.jpg,12,ADOLESCENT
imagesdis\image-511.jpg,10,YOUNG
imagesdis\image-512.jpg,7,YOUNG
imagesdis\image-513.jpg,31,READY
imagesdis\image-514.jpg,15,ADOLESCENT
imagesdis\image-515.jpg,7,YOUNG
imagesdis\image-516.jpg,7,YOUNG
imagesdis\image-517.jpg,11,ADOLESCENT
imagesdis\image-518.jpg,23,ADOLESCENT
imagesdis\image-519.jpg,34,READY
imagesdis\image-520.jpg,35,READY
imagesdis\image-521.jpg,31,READY
imagesdis\image-522.jpg,32,READY
imagesdis\image-523.jpg,25,ADOLESCENT
imagesdis\image-524.jpg,26,ADOLESCENT
imagesdis\image-525.jpg,26,ADOLESCENT
imagesdis\image-526.jpg,32,READY
imagesdis\image-527.jpg,24,ADOLESCENT
imagesdis\image-528.jpg,27,ADOLESCENT
imagesdis\image-529.jpg,27,ADOLESCENT
imagesdis\image-530.jpg,25,ADOLESCENT
imagesdis\image-531.jpg,34,READY
imagesdis\image-532.jpg,10,YOUNG
imagesdis\image-533.jpg,8,YOUNG
imagesdis\image-534.jpg,19,ADOLESCENT
imagesdis\image-535.jpg,11,ADOLESCENT
imagesdis\image-536.jpg,18,ADOLESCENT
imagesdis\image-537.jpg,24,ADOLESCENT
imagesdis\image-538.jpg,2,YOUNG
imagesdis\image-539.jpg,24,ADOLESCENT
imagesdis\image-540.jpg,10,YOUNG
imagesdis\image-541.jpg,4,YOUNG
imagesdis\image-542.jpg,25,ADOLESCENT
imagesdis\image-543.jpg,20,ADOLESCENT
imagesdis\image-544.jpg,26,ADOLESCENT
imagesdis\image-545.jpg,31,READY
imagesdis\image-546.jpg,7,YOUNG
imagesdis\image-547.jpg,11,ADOLESCENT
imagesdis\image-548.jpg,18,ADOLESCENT
imagesdis\image-549.jpg,0,YOUNG
imagesdis\image-550.jpg,18,ADOLESCENT
imagesdis\image-551.jpg,5,YOUNG
imagesdis\image-552.jpg,25,ADOLESCENT
imagesdis\image-553.jpg,12,ADOLESCENT
imagesdis\image-554.jpg,19,ADOLESCENT
imagesdis\image-555.jpg,30,READY
imagesdis\image-556.jpg,25,ADOLESCENT
imagesdis\image-557.jpg,27,ADOLESCENT
imagesdis\image-558.jpg,12,ADOLESCENT
imagesdis\image-559.jpg,7,YOUNG
imagesdis\image-560.jpg,1,YOUNG
imagesdis\image-561.jpg,29,READY
imagesdis\image-562.jpg,6,YOUNG
imagesdis\image-563.jpg,3,YOUNG
imagesdis\image-564.jpg,22,ADOLESCENT
imagesdis\image-565.jpg,21,ADOLESCENT
imagesdis\image-566.jpg,5,YOUNG
imagesdis\image-567.jpg,17,ADOLESCENT
imagesdis\image-568.jpg,28,READY
imagesdis\image-569.jpg,9,YOUNG
imagesdis\image-570.jpg,17,ADOLESCENT
imagesdis\image-571.jpg,30,READY
imagesdis\image-572.jpg,6,YOUNG
imagesdis\image-573.jpg,2,YOUNG
imagesdis\image-574.jpg,24,ADOLESCENT
imagesdis\image-575.jpg,29,READY
imagesdis\image-576.jpg,23,ADOLESCENT
imagesdis\image-577.jpg,4,YOUNG
imagesdis\image-578.jpg,8,YOUNG
imagesdis\image-579.jpg,28,READY
imagesdis\image-580.jpg,23,ADOLESCENT
imagesdis\image-581.jpg,31,READY
imagesdis\image-582.jpg,22,ADOLESCENT
imagesdis\image-583.jpg,21,ADOLESCENT
imagesdis\image-584.jpg,23,ADOLESCENT
imagesdis\image-585.jpg,1,YOUNG
imagesdis\image-586.jpg,3,YOUNG
imagesdis\image-587.jpg,26,ADOLESCENT
imagesdis\image-588.jpg,9,YOUNG
imagesdis\image-589.jpg,31,READY
imagesdis\image-590.jpg,2,YOUNG
imagesdis\image-591.jpg,7,YOUNG
imagesdis\image-592.jpg,26,ADOLESCENT
imagesdis\image-593.jpg,26,ADOLESCENT
imagesdis\image-594.jpg,33,READY
imagesdis\image-595.jpg,14,ADOLESCENT
imagesdis\image-596.jpg,5,YOUNG
imagesdis\image-597.jpg,20,ADOLESCENT
imagesdis\image-598.jpg,33,READY
imagesdis\image-599.jpg,15,ADOLESCENT
imagesdis\image-600.jpg,29,READY
imagesdis\image-601.jpg,8,YOUNG
imagesdis\image-602.jpg,12,ADOLESCENT
imagesdis\image-603.jpg,34,READY
imagesdis\image-604.jpg,17,ADOLESCENT
imagesdis\image-605.jpg,1,YOUNG
imagesdis\image-606.jpg,17,ADOLESCENT
imagesdis\image-607.jpg,26,ADOLESCENT
imagesdis\image-608.jpg,24,ADOLESCENT
imagesdis\image-609.jpg,10,YOUNG
imagesdis\image-610.jpg,32,READY
imagesdis\image-611.jpg,3,YOUNG
imagesdis\image-612.jpg,27,ADOLESCENT
imagesdis\image-613.jpg,16,ADOLESCENT
imagesdis\image-614.jpg,35,READY
imagesdis\image-615.jpg,9,YOUNG
imagesdis\image-616.jpg,24,ADOLESCENT
imagesdis\image-617.jpg,25,ADOLESCENT
imagesdis\image-618.jpg,16,ADOLESCENT
imagesdis\image-619.jpg,5,YOUNG
imagesdis\image-620.jpg,29,READY
imagesdis\image-621.jpg,12,ADOLESCENT
imagesdis\image-622.jpg,29,READY
imagesdis\image-623.jpg,2,YOUNG
imagesdis\image-624.jpg,11,ADOLESCENT
imagesdis\image-625.jpg,26,ADOLESCENT
imagesdis\image-626.jpg,18,ADOLESCENT
imagesdis\image-627.jpg,28,READY
imagesdis\image-628.jpg,16,ADOLESCENT
imagesdis\image-629.jpg,1,YOUNG
imagesdis\image-630.jpg,7,YOUNG
imagesdis\image-631.jpg,13,ADOLESCENT
imagesdis\image-632.jpg,13,ADOLESCENT
imagesdis\image-633.jpg,32,READY
imagesdis\image-634.jpg,26,ADOLESCENT
imagesdis\image-635.jpg,9,YOUNG
imagesdis\image-636.jpg,18,ADOLESCENT
imagesdis\image-637.jpg,28,READY
imagesdis\image-638.jpg,17,ADOLESCENT
imagesdis\image-639.jpg,19,ADOLESCENT
imagesdis\image-640.jpg,29,READY
imagesdis\image-641.jpg,2,YOUNG
imagesdis\image-642.jpg,29,READY
imagesdis\image-643.jpg,38,READY
imagesdis\image-644.jpg,0,YOUNG
imagesdis\image-645.jpg,18,ADOLESCENT
imagesdis\image-646.jpg,14,ADOLESCENT
imagesdis\image-647.jpg,14,ADOLESCENT
imagesdis\image-648.jpg,5,YOUNG
imagesdis\image-649.jpg,14,ADOLESCENT
imagesdis\image-650.jpg,10,YOUNG
imagesdis\image-651.jpg,9,YOUNG
imagesdis\image-652.jpg,19,ADOLESCENT
imagesdis\image-653.jpg,5,YOUNG
imagesdis\image-654.jpg,4,YOUNG
imagesdis\image-655.jpg,18,ADOLESCENT
imagesdis\image-656.jpg,22,ADOLESCENT
imagesdis\image-657.jpg,10,YOUNG
imagesdis\image-658.jpg,4,YOUNG
imagesdis\image-659.jpg,11,ADOLESCENT
imagesdis\image-660.jpg,2,YOUNG
imagesdis\image-661.jpg,29,READY
imagesdis\image-662.jpg,17,ADOLESCENT
imagesdis\image-663.jpg,1,YOUNG
imagesdis\image-664.jpg,20,ADOLESCENT
imagesdis\image-665.jpg,33,READY
imagesdis\image-666.jpg,2,YOUNG
imagesdis\image-667.jpg,12,ADOLESCENT
imagesdis\image-668.jpg,20,ADOLESCENT
imagesdis\image-669.jpg,14,ADOLESCENT
imagesdis\image-670.jpg,27,ADOLESCENT
imagesdis\image-671.jpg,32,READY
imagesdis\image-672.jpg,17,ADOLESCENT
imagesdis\image-673.jpg,25,ADOLESCENT
imagesdis\image-674.jpg,28,READY
imagesdis\image-675.jpg,33,READY
imagesdis\image-676.jpg,20,ADOLESCENT
imagesdis\image-677.jpg,7,YOUNG
imagesdis\image-678.jpg,2,YOUNG
imagesdis\image-679.jpg,22,ADOLESCENT
imagesdis\image-680.jpg,23,ADOLESCENT
imagesdis\image-681.jpg,30,READY
imagesdis\image-682.jpg,4,YOUNG
imagesdis\image-683.jpg,7,YOUNG
imagesdis\image-684.jpg,8,YOUNG
imagesdis\image-685.jpg,2,YOUNG
imagesdis\image-686.jpg,11,ADOLESCENT
imagesdis\image-687.jpg,20,ADOLESCENT
imagesdis\image-688.jpg,33,READY
imagesdis\image-689.jpg,2,YOUNG
imagesdis\image-690.jpg,2,YOUNG
imagesdis\image-691.jpg,10,YOUNG
imagesdis\image-692.jpg,11,ADOLESCENT
imagesdis\image-693.jpg,15,ADOLESCENT
imagesdis\image-694.jpg,33,READY
imagesdis\image-695.jpg,3,YOUNG
imagesdis\image-696.jpg,13,ADOLESCENT
imagesdis\image-697.jpg,28,READY
imagesdis\image-698.jpg,10,YOUNG
imagesdis\image-699.jpg,16,ADOLESCENT
imagesdis\image-700.jpg,29,READY
imagesdis\image-701.jpg,28,READY
imagesdis\image-702.jpg,7,YOUNG
imagesdis\image-703.jpg,12,ADOLESCENT
imagesdis\image-704.jpg,0,YOUNG
imagesdis\image-705.jpg,27,ADOLESCENT
imagesdis\image-706.jpg,9,YOUNG
imagesdis\image-707.jpg,8,YOUNG
imagesdis\image-708.jpg,15,ADOLESCENT
imagesdis\image-709.jpg,7,YOUNG
imagesdis\image-710.jpg,15,ADOLESCENT
imagesdis\image-711.jpg,23,ADOLESCENT
imagesdis\image-712.jpg,14,ADOLESCENT
imagesdis\image-713.jpg,37,READY
imagesdis\image-714.jpg,20,ADOLESCENT
imagesdis\image-715.jpg,14,ADOLESCENT
imagesdis\image-716.jpg,20,ADOLESCENT
imagesdis\image-717.jpg,26,ADOLESCENT
imagesdis\image-718.jpg,16,ADOLESCENT
imagesdis\image-719.jpg,2,YOUNG
imagesdis\image-720.jpg,22,ADOLESCENT
imagesdis\image-721.jpg,2,YOUNG
imagesdis\image-722.jpg,2,YOUNG
imagesdis\image-723.jpg,30,READY
imagesdis\image-724.jpg,24,ADOLESCENT
imagesdis\image-725.jpg,26,ADOLESCENT
imagesdis\image-726.jpg,25,ADOLESCENT
imagesdis\image-727.jpg,27,ADOLESCENT
imagesdis\image-728.jpg,13,ADOLESCENT
imagesdis\image-729.jpg,29,READY
imagesdis\image-730.jpg,28,READY
imagesdis\image-731.jpg,4,YOUNG
imagesdis\image-732.jpg,11,ADOLESCENT
imagesdis\image-733.jpg,22,ADOLESCENT
imagesdis\image-734.jpg,25,ADOLESCENT
imagesdis\image-735.jpg,34,READY
imagesdis\image-736.jpg,3,YOUNG
imagesdis\image-737.jpg,27,ADOLESCENT
imagesdis\image-738.jpg,3,YOUNG
imagesdis\image-739.jpg,8,YOUNG
imagesdis\image-740.jpg,9,YOUNG
imagesdis\image-741.jpg,31,READY
imagesdis\image-742.jpg,10,YOUNG
imagesdis\image-743.jpg,7,YOUNG
imagesdis\image-744.jpg,25,ADOLESCENT
imagesdis\image-745.jpg,24,ADOLESCENT
imagesdis\image-746.jpg,22,ADOLESCENT
imagesdis\image-747.jpg,23,ADOLESCENT
imagesdis\image-748.jpg,13,ADOLESCENT
imagesdis\image-749.jpg,10,YOUNG
imagesdis\image-750.jpg,12,ADOLESCENT
imagesdis\image-751.jpg,17,ADOLESCENT
imagesdis\image-752.jpg,2,YOUNG
imagesdis\image-753.jpg,5,YOUNG
imagesdis\image-754.jpg,26,ADOLESCENT
imagesdis\image-755.jpg,14,ADOLESCENT
imagesdis\image-756.jpg,10,YOUNG
imagesdis\image-757.jpg,9,YOUNG
imagesdis\image-758.jpg,1,YOUNG
imagesdis\image-759.jpg,26,ADOLESCENT
imagesdis\image-760.jpg,20,ADOLESCENT
imagesdis\image-761.jpg,20,ADOLESCENT
imagesdis\image-762.jpg,17,ADOLESCENT
imagesdis\image-763.jpg,21,ADOLESCENT
imagesdis\image-764.jpg,0,YOUNG
imagesdis\image-765.jpg,9,YOUNG
imagesdis\image-766.jpg,12,ADOLESCENT
imagesdis\image-767.jpg,11,ADOLESCENT
imagesdis\image-768.jpg,21,ADOLESCENT
imagesdis\image-769.jpg,12,ADOLESCENT
imagesdis\image-770.jpg,10,YOUNG
imagesdis\image-771.jpg,22,ADOLESCENT
imagesdis\image-772.jpg,22,ADOLESCENT
imagesdis\image-773.jpg,12,ADOLESCENT
imagesdis\image-774.jpg,14,ADOLESCENT
imagesdis\image-775.jpg,8,YOUNG
imagesdis\image-776.jpg,11,ADOLESCENT
imagesdis\image-777.jpg,25,ADOLESCENT
imagesdis\image-778.jpg,13,ADOLESCENT
imagesdis\image-779.jpg,6,YOUNG
imagesdis\image-780.jpg,26,ADOLESCENT
imagesdis\image-781.jpg,20,ADOLESCENT
imagesdis\image-782.jpg,23,ADOLESCENT
imagesdis\image-783.jpg,22,ADOLESCENT
imagesdis\image-784.jpg,8,YOUNG
imagesdis\image-785.jpg,11,ADOLESCENT
imagesdis\image-786.jpg,8,YOUNG
imagesdis\image-787.jpg,22,ADOLESCENT
imagesdis\image-788.jpg,7,YOUNG
imagesdis\image-789.jpg,0,YOUNG
imagesdis\image-790.jpg,11,ADOLESCENT
imagesdis\image-791.jpg,23,ADOLESCENT
imagesdis\image-792.jpg,7,YOUNG
imagesdis\image-793.jpg,25,ADOLESCENT
imagesdis\image-794.jpg,25,ADOLESCENT
imagesdis\image-795.jpg,10,YOUNG
imagesdis\image-796.jpg,26,ADOLESCENT
imagesdis\image-797.jpg,19,ADOLESCENT
imagesdis\image-798.jpg,25,ADOLESCENT
imagesdis\image-799.jpg,9,YOUNG
imagesdis\image-800.jpg,20,ADOLESCENT
imagesdis\image-801.jpg,21,ADOLESCENT
imagesdis\image-802.jpg,6,YOUNG
imagesdis\image-803.jpg,24,ADOLESCENT
imagesdis\image-804.jpg,9,YOUNG
imagesdis\image-805.jpg,25,ADOLESCENT
imagesdis\image-806.jpg,12,ADOLESCENT
imagesdis\image-807.jpg,7,YOUNG
imagesdis\image-808.jpg,24,ADOLESCENT
imagesdis\image-809.jpg,11,ADOLESCENT
imagesdis\image-810.jpg,22,ADOLESCENT
imagesdis\image-811.jpg,12,ADOLESCENT
imagesdis\image-812.jpg,8,YOUNG
imagesdis\image-813.jpg,20,ADOLESCENT
imagesdis\image-814.jpg,21,ADOLESCENT
imagesdis\image-815.jpg,1,YOUNG
imagesdis\image-816.jpg,24,ADOLESCENT
imagesdis\image-817.jpg,14,ADOLESCENT
imagesdis\image-818.jpg,17,ADOLESCENT
imagesdis\image-819.jpg,24,ADOLESCENT
imagesdis\image-820.jpg,23,ADOLESCENT
imagesdis\image-821.jpg,21,ADOLESCENT
imagesdis\image-822.jpg,11,ADOLESCENT
imagesdis\image-823.jpg,14,ADOLESCENT
imagesdis\image-824.jpg,3,YOUNG
imagesdis\image-825.jpg,6,YOUNG
imagesdis\image-826.jpg,3,YOUNG
imagesdis\image-827.jpg,7,YOUNG
imagesdis\image-828.jpg,10,YOUNG
imagesdis\image-829.jpg,9,YOUNG
imagesdis\image-830.jpg,21,ADOLESCENT
imagesdis\image-831.jpg,11,ADOLESCENT
imagesdis\image-832.jpg,2,YOUNG
imagesdis\image-833.jpg,10,YOUNG
imagesdis\image-834.jpg,6,YOUNG
imagesdis\image-835.jpg,7,YOUNG
imagesdis\image-836.jpg,11,ADOLESCENT
imagesdis\image-837.jpg,20,ADOLESCENT
imagesdis\image-838.jpg,22,ADOLESCENT
imagesdis\image-839.jpg,17,ADOLESCENT
imagesdis\image-840.jpg,12,ADOLESCENT
imagesdis\image-841.jpg,18,ADOLESCENT
imagesdis\image-842.jpg,19,ADOLESCENT
imagesdis\image-843.jpg,12,ADOLESCENT
imagesdis\image-844.jpg,18,ADOLESCENT
imagesdis\image-845.jpg,13,ADOLESCENT
imagesdis\image-846.jpg,16,ADOLESCENT
imagesdis\image-847.jpg,15,ADOLESCENT
imagesdis\image-848.jpg,20,ADOLESCENT
imagesdis\image-849.jpg,19,ADOLESCENT
imagesdis\image-850.jpg,23,ADOLESCENT
imagesdis\image-851.jpg,14,ADOLESCENT
imagesdis\image-852.jpg,17,ADOLESCENT
imagesdis\image-853.jpg,9,YOUNG
imagesdis\image-854.jpg,4,YOUNG
imagesdis\image-855.jpg,5,YOUNG
imagesdis\image-856.jpg,23,ADOLESCENT
imagesdis\image-857.jpg,2,YOUNG
imagesdis\image-858.jpg,1,YOUNG
imagesdis\image-859.jpg,0,YOUNG
imagesdis\image-860.jpg,4,YOUNG
imagesdis\image-861.jpg,8,YOUNG
imagesdis\image-862.jpg,20,ADOLESCENT
imagesdis\image-863.jpg,5,YOUNG
imagesdis\image-864.jpg,1,YOUNG
imagesdis\image-865.jpg,11,ADOLESCENT
imagesdis\image-866.jpg,1,YOUNG
imagesdis\image-867.jpg,2,YOUNG
imagesdis\image-868.jpg,8,YOUNG
imagesdis\image-869.jpg,17,ADOLESCENT
imagesdis\image-870.jpg,19,ADOLESCENT
imagesdis\image-871.jpg,20,ADOLESCENT
imagesdis\image-872.jpg,20,ADOLESCENT
imagesdis\image-873.jpg,17,ADOLESCENT
imagesdis\image-874.jpg,13,ADOLESCENT
imagesdis\image-875.jpg,10,YOUNG
imagesdis\image-876.jpg,4,YOUNG
imagesdis\image-877.jpg,15,ADOLESCENT
imagesdis\image-878.jpg,26,ADOLESCENT
imagesdis\image-879.jpg,25,ADOLESCENT
imagesdis\image-880.jpg,24,ADOLESCENT
imagesdis\image-881.jpg,10,YOUNG
imagesdis\image-882.jpg,26,ADOLESCENT
imagesdis\image-883.jpg,5,YOUNG
imagesdis\image-884.jpg,14,ADOLESCENT
imagesdis\image-885.jpg,11,ADOLESCENT
imagesdis\image-886.jpg,18,ADOLESCENT
imagesdis\image-887.jpg,12,ADOLESCENT
imagesdis\image-888.jpg,2,YOUNG
imagesdis\image-889.jpg,15,ADOLESCENT
imagesdis\image-890.jpg,1,YOUNG
imagesdis\image-891.jpg,12,ADOLESCENT
imagesdis\image-892.jpg,21,ADOLESCENT
imagesdis\image-893.jpg,9,YOUNG
imagesdis\image-894.jpg,21,ADOLESCENT
imagesdis\image-895.jpg,9,YOUNG
imagesdis\image-896.jpg,0,YOUNG
imagesdis\image-897.jpg,2,YOUNG
imagesdis\image-898.jpg,4,YOUNG
imagesdis\image-899.jpg,25,ADOLESCENT
imagesdis\image-900.jpg,19,ADOLESCENT
imagesdis\image-901.jpg,0,YOUNG
imagesdis\image-902.jpg,14,ADOLESCENT
imagesdis\image-903.jpg,6,YOUNG
imagesdis\image-904.jpg,2,YOUNG
imagesdis\image-905.jpg,11,ADOLESCENT
imagesdis\image-906.jpg,7,YOUNG
imagesdis\image-907.jpg,5,YOUNG
imagesdis\image-908.jpg,16,ADOLESCENT
imagesdis\image-909.jpg,3,YOUNG
imagesdis\image-910.jpg,18,ADOLESCENT
imagesdis\image-911.jpg,27,ADOLESCENT
imagesdis\image-912.jpg,6,YOUNG
imagesdis\image-913.jpg,1,YOUNG
imagesdis\image-914.jpg,7,YOUNG
imagesdis\image-915.jpg,17,ADOLESCENT
imagesdis\image-916.jpg,16,ADOLESCENT
imagesdis\image-917.jpg,24,ADOLESCENT
imagesdis\image-918.jpg,3,YOUNG
imagesdis\image-919.jpg,1,YOUNG
imagesdis\image-920.jpg,8,YOUNG
imagesdis\image-921.jpg,0,YOUNG
imagesdis\image-922.jpg,4,YOUNG
imagesdis\image-923.jpg,5,YOUNG
imagesdis\image-924.jpg,6,YOUNG
imagesdis\image-925.jpg,6,YOUNG
imagesdis\image-926.jpg,6,YOUNG
imagesdis\image-927.jpg,7,YOUNG
imagesdis\image-928.jpg,8,YOUNG
imagesdis\image-929.jpg,9,YOUNG
imagesdis\image-930.jpg,9,YOUNG
imagesdis\image-931.jpg,9,YOUNG
imagesdis\image-932.jpg,10,YOUNG
imagesdis\image-933.jpg,11,ADOLESCENT
imagesdis\image-934.jpg,11,ADOLESCENT
imagesdis\image-935.jpg,11,ADOLESCENT
imagesdis\image-936.jpg,12,ADOLESCENT
imagesdis\image-937.jpg,12,ADOLESCENT
imagesdis\image-938.jpg,13,ADOLESCENT
imagesdis\image-939.jpg,13,ADOLESCENT
imagesdis\image-940.jpg,14,ADOLESCENT
imagesdis\image-941.jpg,16,ADOLESCENT
imagesdis\image-942.jpg,16,ADOLESCENT
imagesdis\image-943.jpg,17,ADOLESCENT
imagesdis\image-944.jpg,17,ADOLESCENT
imagesdis\image-945.jpg,18,ADOLESCENT
imagesdis\image-946.jpg,18,ADOLESCENT
imagesdis\image-947.jpg,19,ADOLESCENT
imagesdis\image-948.jpg,19,ADOLESCENT
imagesdis\image-949.jpg,20,ADOLESCENT
imagesdis\image-950.jpg,20,ADOLESCENT
imagesdis\image-951.jpg,21,ADOLESCENT
imagesdis\image-952.jpg,21,ADOLESCENT
imagesdis\image-953.jpg,22,ADOLESCENT
imagesdis\image-954.jpg,22,ADOLESCENT
imagesdis\image-955.jpg,23,ADOLESCENT
imagesdis\image-956.jpg,23,ADOLESCENT
imagesdis\image-957.jpg,23,ADOLESCENT
imagesdis\image-958.jpg,24,ADOLESCENT
imagesdis\image-959.jpg,24,ADOLESCENT
imagesdis\image-960.jpg,25,ADOLESCENT
imagesdis\image-961.jpg,25,ADOLESCENT
imagesdis\image-962.jpg,26,ADOLESCENT
imagesdis\image-963.jpg,26,ADOLESCENT
imagesdis\image-964.jpg,27,ADOLESCENT
imagesdis\image-965.jpg,27,ADOLESCENT
imagesdis\image-966.jpg,13,ADOLESCENT
imagesdis\image-967.jpg,18,ADOLESCENT
imagesdis\image-968.jpg,25,ADOLESCENT
imagesdis\image-969.jpg,7,YOUNG
imagesdis\image-970.jpg,10,YOUNG
imagesdis\image-971.jpg,5,YOUNG
imagesdis\image-972.jpg,6,YOUNG
imagesdis\image-973.jpg,13,ADOLESCENT
imagesdis\image-974.jpg,27,ADOLESCENT
imagesdis\image-975.jpg,26,ADOLESCENT
imagesdis\image-976.jpg,25,ADOLESCENT
imagesdis\image-977.jpg,8,YOUNG
imagesdis\image-978.jpg,19,ADOLESCENT
imagesdis\image-979.jpg,10,YOUNG
imagesdis\image-980.jpg,12,ADOLESCENT
imagesdis\image-981.jpg,16,ADOLESCENT
imagesdis\image-982.jpg,21,ADOLESCENT
imagesdis\image-983.jpg,26,ADOLESCENT
imagesdis\image-984.jpg,27,ADOLESCENT
imagesdis\image-985.jpg,24,ADOLESCENT
imagesdis\image-986.jpg,2,YOUNG
imagesdis\image-987.jpg,6,YOUNG
imagesdis\image-988.jpg,4,YOUNG
imagesdis\image-989.jpg,12,ADOLESCENT
imagesdis\image-990.jpg,0,YOUNG
imagesdis\image-991.jpg,17,ADOLESCENT
imagesdis\image-992.jpg,2,YOUNG
imagesdis\image-993.jpg,23,ADOLESCENT
imagesdis\image-994.jpg,17,ADOLESCENT
imagesdis\image-995.jpg,5,YOUNG
imagesdis\image-996.jpg,18,ADOLESCENT
imagesdis\image-997.jpg,24,ADOLESCENT
imagesdis\image-998.jpg,10,YOUNG
imagesdis\image-999.jpg,11,ADOLESCENT
imagesdis\image-1000.jpg,15,ADOLESCENT
imagesdis\image-1001.jpg,22,ADOLESCENT
imagesdis\image-1002.jpg,3,YOUNG
imagesdis\image-1003.jpg,23,ADOLESCENT
imagesdis\image-1004.jpg,14,ADOLESCENT
imagesdis\image-1005.jpg,15,ADOLESCENT
imagesdis\image-1006.jpg,22,ADOLESCENT
imagesdis\image-1007.jpg,16,ADOLESCENT
imagesdis\image-1008.jpg,21,ADOLESCENT
imagesdis\image-1009.jpg,20,ADOLESCENT
imagesdis\image-1010.jpg,3,YOUNG
imagesdis\image-1011.jpg,3,YOUNG
imagesdis\image-1012.jpg,4,YOUNG
imagesdis\image-1013.jpg,14,ADOLESCENT
imagesdis\image-1014.jpg,11,ADOLESCENT
imagesdis\image-1015.jpg,1,YOUNG
imagesdis\image-1016.jpg,7,YOUNG
imagesdis\image-1017.jpg,10,YOUNG
imagesdis\image-1018.jpg,19,ADOLESCENT
imagesdis\image-1019.jpg,3,YOUNG
imagesdis\image-1020.jpg,20,ADOLESCENT
imagesdis\image-1021.jpg,21,ADOLESCENT
imagesdis\image-1022.jpg,1,YOUNG
imagesdis\image-1023.jpg,4,YOUNG
imagesdis\image-1024.jpg,13,ADOLESCENT
imagesdis\image-1025.jpg,14,ADOLESCENT
imagesdis\image-1026.jpg,12,ADOLESCENT
imagesdis\image-1027.jpg,21,ADOLESCENT
imagesdis\image-1028.jpg,25,ADOLESCENT
imagesdis\image-1029.jpg,5,YOUNG
imagesdis\image-1030.jpg,18,ADOLESCENT
imagesdis\image-1031.jpg,17,ADOLESCENT
imagesdis\image-1032.jpg,22,ADOLESCENT
imagesdis\image-1033.jpg,20,ADOLESCENT
imagesdis\image-1034.jpg,11,ADOLESCENT
imagesdis\image-1035.jpg,1,YOUNG
imagesdis\image-1036.jpg,21,ADOLESCENT
imagesdis\image-1037.jpg,6,YOUNG
imagesdis\image-1038.jpg,2,YOUNG
imagesdis\image-1039.jpg,16,ADOLESCENT
imagesdis\image-1040.jpg,15,ADOLESCENT
imagesdis\image-1041.jpg,13,ADOLESCENT
imagesdis\image-1042.jpg,5,YOUNG
imagesdis\image-1043.jpg,23,ADOLESCENT
imagesdis\image-1044.jpg,24,ADOLESCENT
imagesdis\image-1045.jpg,4,YOUNG
imagesdis\image-1046.jpg,12,ADOLESCENT
imagesdis\image-1047.jpg,14,ADOLESCENT
imagesdis\image-1048.jpg,1,YOUNG
imagesdis\image-1049.jpg,11,ADOLESCENT
imagesdis\image-1050.jpg,20,ADOLESCENT
imagesdis\image-1051.jpg,2,YOUNG
imagesdis\image-1052.jpg,19,ADOLESCENT
imagesdis\image-1053.jpg,24,ADOLESCENT
imagesdis\image-1054.jpg,19,ADOLESCENT
imagesdis\image-1055.jpg,18,ADOLESCENT
imagesdis\image-1056.jpg,3,YOUNG
imagesdis\image-1057.jpg,0,YOUNG
imagesdis\image-1058.jpg,22,ADOLESCENT
imagesdis\image-1059.jpg,6,YOUNG
imagesdis\image-1060.jpg,1,YOUNG
imagesdis\image-1061.jpg,15,ADOLESCENT
imagesdis\image-1062.jpg,17,ADOLESCENT
imagesdis\image-1063.jpg,1,YOUNG
imagesdis\image-1064.jpg,23,ADOLESCENT
imagesdis\image-1065.jpg,16,ADOLESCENT
